Ref,Val,Package,PosX,PosY,Rot,Side
"C1","100nF/100V","C_0805_2012Metric",29.500000,30.800000,90.000000,top
"C2","100nF/100V","C_0805_2012Metric",27.500000,30.800000,90.000000,top
"C3","100nF/100V","C_0805_2012Metric",26.100000,37.000000,180.000000,top
"C4","4.7uF X7R","C_0805_2012Metric",36.300000,20.000000,0.000000,top
"C5","100nF","C_0603_1608Metric",33.850000,19.550000,-90.000000,top
"C6","10uF","C_0805_2012Metric",16.000000,18.000000,0.000000,top
"C7","100nF","C_0603_1608Metric",23.800000,19.500000,90.000000,top
"C8","10nF","C_0603_1608Metric",25.400000,19.500000,90.000000,top
"C9","100nF","C_0603_1608Metric",34.600000,15.700000,0.000000,top
"C10","10nF","C_0603_1608Metric",34.600000,17.300000,0.000000,top
"C11","100nF","C_0603_1608Metric",25.200000,22.450000,180.000000,top
"C12","10nF","C_0603_1608Metric",25.200000,23.950000,180.000000,top
"C13","100nF","C_0603_1608Metric",34.600000,23.940000,0.000000,top
"C14","10nF","C_0603_1608Metric",34.600000,22.437500,0.000000,top
"C15","18pF","C_0603_1608Metric",31.750000,28.900000,90.000000,top
"C16","18pF","C_0603_1608Metric",36.950000,25.750000,-90.000000,top
"CN1","T1S BUS  P N N P","TerminalBlock_Kefa_KF141R-2.54-4P",26.460000,44.140000,180.000000,top
"FB1","0R (FB opt.)","L_0603_1608Metric",25.200000,25.450000,0.000000,top
"FB2","0R (FB opt.)","L_0603_1608Metric",38.000000,21.900000,180.000000,top
"FB3","0R (FB opt.)","L_0603_1608Metric",21.500000,18.725000,0.000000,top
"FB4","0R (FB opt.)","L_0603_1608Metric",34.600000,14.100000,180.000000,top
"J1","2x20 socket (riser stack)","PinHeader_2x20_P2.54mm_Vertical",56.456000,5.900000,-90.000000,top
"L1","200uH @ 100kHz CMC","L_CommonMode_TDK_ACT1210_3225",28.500000,26.600000,90.000000,top
"MOV1","220V(1mA) 1.5pF ESD (DNP)","Varistor_TDK_AVRH10_1005",37.500000,37.000000,0.000000,top
"MOV2","220V(1mA) 1.5pF ESD (DNP)","Varistor_TDK_AVRH10_1005",21.000000,37.000000,180.000000,top
"R1","49R9 1% (DNP)","R_1206_3216Metric",32.000000,34.200000,180.000000,top
"R2","49R9 1% (DNP)","R_1206_3216Metric",25.000000,34.200000,0.000000,top
"R3","100k 1%","R_0805_2012Metric",30.900000,37.000000,0.000000,top
"R4","10k","R_0603_1608Metric",22.900000,16.200000,0.000000,top
"R5","10k","R_0603_1608Metric",26.420000,8.800000,0.000000,top
"R6","10k","R_0603_1608Metric",25.800000,14.200000,0.000000,top
"R7","12k4 1%","R_0603_1608Metric",32.000000,24.620000,90.000000,top
"U1","LAN8651","TQFN-32-1EP_5x5mm_P0.5mm_EP3.4x3.4mm_ThermalVias_SplitPaste",30.000000,20.000000,0.000000,top
"Y1","25.000MHz CL12","Crystal_SMD_3225-4Pin_3.2x2.5mm",34.480000,26.800000,-90.000000,top
