Designator,Mid X,Mid Y,Layer,Rotation
C1,29.500000mm,30.800000mm,Top,90.000000
C10,34.600000mm,17.300000mm,Top,0.000000
C11,25.200000mm,22.450000mm,Top,180.000000
C12,25.200000mm,23.950000mm,Top,180.000000
C13,34.600000mm,23.940000mm,Top,0.000000
C14,34.600000mm,22.437500mm,Top,0.000000
C15,31.750000mm,28.900000mm,Top,90.000000
C16,36.950000mm,25.750000mm,Top,-90.000000
C2,27.500000mm,30.800000mm,Top,90.000000
C3,26.100000mm,37.000000mm,Top,180.000000
C4,36.300000mm,20.000000mm,Top,0.000000
C5,33.850000mm,19.550000mm,Top,-90.000000
C6,16.000000mm,18.000000mm,Top,0.000000
C7,23.800000mm,19.500000mm,Top,90.000000
C8,25.400000mm,19.500000mm,Top,90.000000
C9,34.600000mm,15.700000mm,Top,0.000000
CN1,24.690000mm,40.650000mm,Top,180.000000
FB1,25.200000mm,25.450000mm,Top,0.000000
FB2,38.000000mm,21.900000mm,Top,180.000000
FB3,21.500000mm,18.725000mm,Top,0.000000
FB4,34.600000mm,14.100000mm,Top,180.000000
L1,28.500000mm,26.600000mm,Top,0.000000
R1,32.000000mm,34.200000mm,Top,180.000000
R2,25.000000mm,34.200000mm,Top,0.000000
R3,30.900000mm,37.000000mm,Top,0.000000
R4,22.900000mm,16.200000mm,Top,0.000000
R5,26.420000mm,8.800000mm,Top,0.000000
R6,25.800000mm,14.200000mm,Top,0.000000
R7,32.000000mm,24.620000mm,Top,90.000000
U1,30.000000mm,20.000000mm,Top,0.000000
Y1,34.480000mm,26.800000mm,Top,-90.000000
