Comment,Designator,Footprint,LCSC Part #
100nF/100V,"C1,C2,C3",C_0805_2012Metric,C28233
18pF,"C15,C16",C_0603_1608Metric,C1647
4.7uF low-ESR,C4,C_0805_2012Metric,C1779
10uF,C6,C_0805_2012Metric,C15850
100nF,"C11,C13,C5,C7,C9",C_0603_1608Metric,C14663
10nF,"C10,C12,C14,C8",C_0603_1608Metric,C57112
T1S BUS  P N N P,CN1,"PhoenixContact_MC_1,5_4-G-3.81_1x04_P3.81mm_Horizontal",C480536
GRN,D1,LED_0603_1608Metric,C12624
YEL,D2,LED_0603_1608Metric,C89811
0R (FB opt.),"FB1,FB2,FB3,FB4",L_0603_1608Metric,C21189
200uH @ 100kHz CMC,L1,L_CommonMode_TDK_ACT1210_3225,C131444
100k 5%,R3,R_0805_2012Metric,C149504
10k,"R4,R5,R6",R_0603_1608Metric,C25804
12k4 1%,R7,R_0603_1608Metric,C22865
1k,"R8,R9",R_0603_1608Metric,C21190
LAN8651,U1,TQFN-32-1EP_5x5mm_P0.5mm_EP3.4x3.4mm_ThermalVias,C22386973
25.000MHz CL12,Y1,Crystal_SMD_3225-4Pin_3.2x2.5mm,C9006
